Sort,Colony,Count_type,Height_m,Counter,Count,percent_Input,Notes
1,1,Retreived_skewers,n/a,AA,636,NA,This is the true number of individuals for the colony
2,2,Retreived_skewers,n/a,AA,463,NA,This is the true number of individuals for the colony
3,3,Retreived_skewers,n/a,AA,547,NA,This is the true number of individuals for the colony
4,4,Retreived_skewers,n/a,AA,504,NA,This is the true number of individuals for the colony
5,6,Retreived_skewers,n/a,AA,863,NA,This is the true number of individuals for the colony
6,10,Retreived_skewers,n/a,AA,563,NA,This is the true number of individuals for the colony
7,7,Retreived_skewers,n/a,AA,839,NA,This is the true number of individuals for the colony
8,8,Retreived_skewers,n/a,AA,843,NA,This is the true number of individuals for the colony
9,9,Retreived_skewers,n/a,AA,977,NA,This is the true number of individuals for the colony
10,5,Retreived_skewers,n/a,AA,1017,NA,This is the true number of individuals for the colony
11,1,Ground,n/a,GA,391,NA,
12,1,Ground,n/a,GB,709,NA,
13,1,Ground,n/a,GC,520,NA,
14,1,Ground,n/a,GD,541,NA,
15,1,Ground,n/a,GE,579,NA,
16,1,Ground,n/a,GF,569,NA,
17,1,Ground,n/a,GG,584,NA,
18,2,Ground,n/a,GA,405,NA,
19,2,Ground,n/a,GB,479,NA,
20,2,Ground,n/a,GC,685,NA,
21,2,Ground,n/a,GD,424,NA,
22,2,Ground,n/a,GE,461,NA,
23,2,Ground,n/a,GF,477,NA,
24,2,Ground,n/a,GG,423,NA,
25,3,Ground,n/a,GA,730,NA,
26,3,Ground,n/a,GB,551,NA,
27,3,Ground,n/a,GC,650,NA,
28,3,Ground,n/a,GD,563,NA,
29,3,Ground,n/a,GE,602,NA,
30,3,Ground,n/a,GF,468,NA,
31,3,Ground,n/a,GG,479,NA,
32,4,Ground,n/a,GA,413,NA,
33,4,Ground,n/a,GB,489,NA,
34,4,Ground,n/a,GC,720,NA,
35,4,Ground,n/a,GD,486,NA,
36,4,Ground,n/a,GE,496,NA,
37,4,Ground,n/a,GF,365,NA,
38,4,Ground,n/a,GG,427,NA,
39,6,Ground,n/a,GA,581,NA,
40,6,Ground,n/a,GB,670,NA,
41,6,Ground,n/a,GC,1120,NA,
42,6,Ground,n/a,GD,714,NA,
43,6,Ground,n/a,GE,669,NA,
44,6,Ground,n/a,GF,640,NA,
45,6,Ground,n/a,GG,634,NA,
46,10,Ground,n/a,GA,413,NA,
47,10,Ground,n/a,GB,491,NA,
48,10,Ground,n/a,GC,570,NA,
49,10,Ground,n/a,GD,506,NA,
50,10,Ground,n/a,GE,425,NA,
51,10,Ground,n/a,GF,481,NA,
52,10,Ground,n/a,GG,438,NA,
53,7,Ground,n/a,GA,745,NA,
54,7,Ground,n/a,GC,950,NA,
55,7,Ground,n/a,GD,757,NA,
56,7,Ground,n/a,GF,550,NA,
57,7,Ground,n/a,GG,691,NA,
58,8,Ground,n/a,GA,726,NA,
59,8,Ground,n/a,GC,1115,NA,
60,8,Ground,n/a,GD,776,NA,
61,8,Ground,n/a,GF,410,NA,
62,8,Ground,n/a,GG,661,NA,
63,9,Ground,n/a,GA,635,NA,
64,9,Ground,n/a,GC,982,NA,
65,9,Ground,n/a,GD,970,NA,
66,9,Ground,n/a,GF,731,NA,
67,9,Ground,n/a,GG,701,NA,
68,5,Ground,n/a,GA,828,NA,
69,5,Ground,n/a,GD,898,NA,
70,5,Ground,n/a,GF,917,NA,
71,5,Ground,n/a,GG,867,NA,
72,1,UAV_manual,30,MA,634,NA,
73,2,UAV_manual,30,MA,465,NA,
74,3,UAV_manual,30,MA,549,NA,
75,4,UAV_manual,30,MA,503,NA,
76,5,UAV_manual,30,MA,1022,NA,
77,6,UAV_manual,30,MA,858,NA,
78,7,UAV_manual,30,MA,839,NA,
79,8,UAV_manual,30,MA,846,NA,
80,9,UAV_manual,30,MA,965,NA,
81,10,UAV_manual,30,MA,563,NA,
82,1,UAV_manual,120,MB,627,NA,
83,2,UAV_manual,120,MB,471,NA,
84,3,UAV_manual,120,MB,558,NA,
85,4,UAV_manual,120,MB,496,NA,
86,5,UAV_manual,120,MB,543,NA,
87,6,UAV_manual,120,MB,854,NA,
88,7,UAV_manual,120,MB,818,NA,
89,8,UAV_manual,120,MB,561,NA,
90,9,UAV_manual,120,MB,639,NA,
91,10,UAV_manual,120,MB,529,NA,
92,1,UAV_manual,60,MC,634,NA,
93,2,UAV_manual,60,MC,464,NA,
94,3,UAV_manual,60,MC,549,NA,
95,4,UAV_manual,60,MC,499,NA,
96,5,UAV_manual,60,MC,911,NA,
97,6,UAV_manual,60,MC,854,NA,
98,7,UAV_manual,60,MC,837,NA,
99,8,UAV_manual,60,MC,837,NA,
100,9,UAV_manual,60,MC,960,NA,
101,10,UAV_manual,60,MC,564,NA,
102,1,UAV_manual,30,MD,634,NA,
103,2,UAV_manual,30,MD,466,NA,
104,3,UAV_manual,30,MD,549,NA,
105,4,UAV_manual,30,MD,500,NA,
106,5,UAV_manual,30,MD,1011,NA,
107,6,UAV_manual,30,MD,859,NA,
108,7,UAV_manual,30,MD,838,NA,
109,8,UAV_manual,30,MD,840,NA,
110,9,UAV_manual,30,MD,928,NA,
111,10,UAV_manual,30,MD,562,NA,
112,1,UAV_manual,120,ME,623,NA,
113,2,UAV_manual,120,ME,464,NA,
114,3,UAV_manual,120,ME,555,NA,
115,4,UAV_manual,120,ME,494,NA,
116,5,UAV_manual,120,ME,620,NA,
117,6,UAV_manual,120,ME,846,NA,
118,7,UAV_manual,120,ME,825,NA,
119,8,UAV_manual,120,ME,632,NA,
120,9,UAV_manual,120,ME,565,NA,
121,10,UAV_manual,120,ME,413,NA,
122,1,UAV_manual,120,MF,624,NA,
123,2,UAV_manual,120,MF,454,NA,
124,3,UAV_manual,120,MF,543,NA,
125,4,UAV_manual,120,MF,487,NA,
126,5,UAV_manual,120,MF,723,NA,
127,6,UAV_manual,120,MF,860,NA,
128,7,UAV_manual,120,MF,839,NA,
129,8,UAV_manual,120,MF,663,NA,
130,9,UAV_manual,120,MF,642,NA,
131,10,UAV_manual,120,MF,488,NA,
132,1,UAV_manual,120,MG,646,NA,
133,2,UAV_manual,120,MG,464,NA,
134,3,UAV_manual,120,MG,552,NA,
135,4,UAV_manual,120,MG,486,NA,
136,5,UAV_manual,120,MG,802,NA,
137,6,UAV_manual,120,MG,858,NA,
138,7,UAV_manual,120,MG,838,NA,
139,8,UAV_manual,120,MG,765,NA,
140,9,UAV_manual,120,MG,710,NA,
141,10,UAV_manual,120,MG,613,NA,
142,1,UAV_manual,120,MH,618,NA,
143,2,UAV_manual,120,MH,458,NA,
144,3,UAV_manual,120,MH,544,NA,
145,4,UAV_manual,120,MH,512,NA,
146,5,UAV_manual,120,MH,736,NA,
147,6,UAV_manual,120,MH,845,NA,
148,7,UAV_manual,120,MH,824,NA,
149,8,UAV_manual,120,MH,602,NA,
150,9,UAV_manual,120,MH,570,NA,
151,10,UAV_manual,120,MH,524,NA,
152,1,UAV_manual,60,MI,633,NA,
153,2,UAV_manual,60,MI,464,NA,
154,3,UAV_manual,60,MI,549,NA,
155,4,UAV_manual,60,MI,498,NA,
156,5,UAV_manual,60,MI,874,NA,
157,6,UAV_manual,60,MI,856,NA,
158,7,UAV_manual,60,MI,837,NA,
159,8,UAV_manual,60,MI,833,NA,
160,9,UAV_manual,60,MI,924,NA,
161,10,UAV_manual,60,MI,563,NA,
162,1,UAV_manual,30,MJ,634,NA,
163,2,UAV_manual,30,MJ,465,NA,
164,3,UAV_manual,30,MJ,548,NA,
165,4,UAV_manual,30,MJ,503,NA,
166,5,UAV_manual,30,MJ,995,NA,
167,6,UAV_manual,30,MJ,857,NA,
168,7,UAV_manual,30,MJ,831,NA,
169,8,UAV_manual,30,MJ,842,NA,
170,9,UAV_manual,30,MJ,976,NA,
171,10,UAV_manual,30,MJ,563,NA,
172,1,UAV_manual,90,MK,637,NA,
173,2,UAV_manual,90,MK,466,NA,
174,3,UAV_manual,90,MK,553,NA,
175,4,UAV_manual,90,MK,510,NA,
176,5,UAV_manual,90,MK,875,NA,
177,6,UAV_manual,90,MK,860,NA,
178,7,UAV_manual,90,MK,836,NA,
179,8,UAV_manual,90,MK,821,NA,
180,9,UAV_manual,90,MK,931,NA,
181,10,UAV_manual,90,MK,563,NA,
182,1,UAV_manual,60,ML,632,NA,
183,2,UAV_manual,60,ML,464,NA,
184,3,UAV_manual,60,ML,547,NA,
185,4,UAV_manual,60,ML,497,NA,
186,5,UAV_manual,60,ML,899,NA,
187,6,UAV_manual,60,ML,861,NA,
188,7,UAV_manual,60,ML,835,NA,
189,8,UAV_manual,60,ML,853,NA,
190,9,UAV_manual,60,ML,972,NA,
191,10,UAV_manual,60,ML,562,NA,
192,1,UAV_manual,90,MM,622,NA,
193,2,UAV_manual,90,MM,460,NA,
194,3,UAV_manual,90,MM,545,NA,
195,4,UAV_manual,90,MM,510,NA,
196,5,UAV_manual,90,MM,799,NA,
197,6,UAV_manual,90,MM,849,NA,
198,7,UAV_manual,90,MM,825,NA,
199,8,UAV_manual,90,MM,799,NA,
200,9,UAV_manual,90,MM,872,NA,
201,10,UAV_manual,90,MM,551,NA,
202,1,UAV_manual,30,MN,634,NA,
203,2,UAV_manual,30,MN,465,NA,
204,3,UAV_manual,30,MN,549,NA,
205,4,UAV_manual,30,MN,502,NA,
206,5,UAV_manual,30,MN,1015,NA,
207,6,UAV_manual,30,MN,858,NA,
208,7,UAV_manual,30,MN,839,NA,
209,8,UAV_manual,30,MN,842,NA,
210,9,UAV_manual,30,MN,959,NA,
211,10,UAV_manual,30,MN,563,NA,
212,1,UAV_manual,30,MO,634,NA,
213,2,UAV_manual,30,MO,467,NA,
214,3,UAV_manual,30,MO,550,NA,
215,4,UAV_manual,30,MO,503,NA,
216,5,UAV_manual,30,MO,1018,NA,
217,6,UAV_manual,30,MO,862,NA,
218,7,UAV_manual,30,MO,841,NA,
219,8,UAV_manual,30,MO,850,NA,
220,9,UAV_manual,30,MO,991,NA,
221,10,UAV_manual,30,MO,565,NA,
222,1,UAV_manual,30,MP,635,NA,
223,2,UAV_manual,30,MP,465,NA,
224,3,UAV_manual,30,MP,549,NA,
225,4,UAV_manual,30,MP,503,NA,
226,5,UAV_manual,30,MP,1010,NA,
227,6,UAV_manual,30,MP,860,NA,
228,7,UAV_manual,30,MP,839,NA,
229,8,UAV_manual,30,MP,833,NA,
230,9,UAV_manual,30,MP,958,NA,
231,10,UAV_manual,30,MP,563,NA,
232,1,UAV_manual,30,MQ,632,NA,
233,2,UAV_manual,30,MQ,465,NA,
234,3,UAV_manual,30,MQ,549,NA,
235,4,UAV_manual,30,MQ,500,NA,
236,5,UAV_manual,30,MQ,1009,NA,
237,6,UAV_manual,30,MQ,858,NA,
238,7,UAV_manual,30,MQ,835,NA,
239,8,UAV_manual,30,MQ,838,NA,
240,9,UAV_manual,30,MQ,928,NA,
241,10,UAV_manual,30,MQ,561,NA,
242,1,UAV_manual,90,MR,612,NA,
243,2,UAV_manual,90,MR,465,NA,
244,3,UAV_manual,90,MR,549,NA,
245,4,UAV_manual,90,MR,500,NA,
246,5,UAV_manual,90,MR,894,NA,
247,6,UAV_manual,90,MR,859,NA,
248,7,UAV_manual,90,MR,834,NA,
249,8,UAV_manual,90,MR,812,NA,
250,9,UAV_manual,90,MR,893,NA,
251,10,UAV_manual,90,MR,563,NA,
252,1,UAV_manual,120,MS,630,NA,
253,2,UAV_manual,120,MS,465,NA,
254,3,UAV_manual,120,MS,557,NA,
255,4,UAV_manual,120,MS,497,NA,
256,5,UAV_manual,120,MS,881,NA,
257,6,UAV_manual,120,MS,862,NA,
258,7,UAV_manual,120,MS,833,NA,
259,8,UAV_manual,120,MS,642,NA,
260,9,UAV_manual,120,MS,838,NA,
261,10,UAV_manual,120,MS,588,NA,
262,1,UAV_manual,60,MT,635,NA,
263,2,UAV_manual,60,MT,465,NA,
264,3,UAV_manual,60,MT,549,NA,
265,4,UAV_manual,60,MT,504,NA,
266,5,UAV_manual,60,MT,964,NA,
267,6,UAV_manual,60,MT,857,NA,
268,7,UAV_manual,60,MT,840,NA,
269,8,UAV_manual,60,MT,840,NA,
270,9,UAV_manual,60,MT,986,NA,
271,10,UAV_manual,60,MT,562,NA,
272,1,UAV_manual,90,MU,634,NA,
273,2,UAV_manual,90,MU,467,NA,
274,3,UAV_manual,90,MU,551,NA,
275,4,UAV_manual,90,MU,514,NA,
276,5,UAV_manual,90,MU,937,NA,
277,6,UAV_manual,90,MU,861,NA,
278,7,UAV_manual,90,MU,845,NA,
279,8,UAV_manual,90,MU,836,NA,
280,9,UAV_manual,90,MU,959,NA,
281,10,UAV_manual,90,MU,567,NA,
282,1,UAV_manual,120,MV,627,NA,
283,2,UAV_manual,120,MV,462,NA,
284,3,UAV_manual,120,MV,551,NA,
285,4,UAV_manual,120,MV,492,NA,
286,5,UAV_manual,120,MV,698,NA,
287,6,UAV_manual,120,MV,862,NA,
288,7,UAV_manual,120,MV,836,NA,
289,8,UAV_manual,120,MV,736,NA,
290,9,UAV_manual,120,MV,746,NA,
291,10,UAV_manual,120,MV,446,NA,
292,1,UAV_manual,60,MW,633,NA,
293,2,UAV_manual,60,MW,465,NA,
294,3,UAV_manual,60,MW,551,NA,
295,4,UAV_manual,60,MW,509,NA,
296,5,UAV_manual,60,MW,947,NA,
297,6,UAV_manual,60,MW,860,NA,
298,7,UAV_manual,60,MW,862,NA,
299,8,UAV_manual,60,MW,857,NA,
300,9,UAV_manual,60,MW,991,NA,
301,10,UAV_manual,60,MW,573,NA,
302,1,UAV_manual,90,MX,631,NA,
303,2,UAV_manual,90,MX,462,NA,
304,3,UAV_manual,90,MX,550,NA,
305,4,UAV_manual,90,MX,511,NA,
306,5,UAV_manual,90,MX,660,NA,
307,6,UAV_manual,90,MX,853,NA,
308,7,UAV_manual,90,MX,832,NA,
309,8,UAV_manual,90,MX,823,NA,
310,9,UAV_manual,90,MX,925,NA,
311,10,UAV_manual,90,MX,550,NA,
312,1,UAV_manual,60,MY,634,NA,
313,2,UAV_manual,60,MY,464,NA,
314,3,UAV_manual,60,MY,549,NA,
315,4,UAV_manual,60,MY,504,NA,
316,5,UAV_manual,60,MY,1000,NA,
317,6,UAV_manual,60,MY,858,NA,
318,7,UAV_manual,60,MY,838,NA,
319,8,UAV_manual,60,MY,842,NA,
320,9,UAV_manual,60,MY,971,NA,
321,10,UAV_manual,60,MY,562,NA,
322,1,UAV_manual,60,MZ,634,NA,
323,2,UAV_manual,60,MZ,465,NA,
324,3,UAV_manual,60,MZ,549,NA,
325,4,UAV_manual,60,MZ,500,NA,
326,5,UAV_manual,60,MZ,982,NA,
327,6,UAV_manual,60,MZ,858,NA,
328,7,UAV_manual,60,MZ,839,NA,
329,8,UAV_manual,60,MZ,847,NA,
330,9,UAV_manual,60,MZ,980,NA,
331,10,UAV_manual,60,MZ,567,NA,
332,1,UAV_manual,90,MAA,619,NA,
333,2,UAV_manual,90,MAA,456,NA,
334,3,UAV_manual,90,MAA,542,NA,
335,4,UAV_manual,90,MAA,491,NA,
336,5,UAV_manual,90,MAA,589,NA,
337,6,UAV_manual,90,MAA,857,NA,
338,7,UAV_manual,90,MAA,835,NA,
339,8,UAV_manual,90,MAA,794,NA,
340,9,UAV_manual,90,MAA,885,NA,
341,10,UAV_manual,90,MAA,557,NA,
342,1,UAV_manual,90,MBB,624,NA,
343,2,UAV_manual,90,MBB,462,NA,
344,3,UAV_manual,90,MBB,542,NA,
345,4,UAV_manual,90,MBB,502,NA,
346,5,UAV_manual,90,MBB,881,NA,
347,6,UAV_manual,90,MBB,857,NA,
348,7,UAV_manual,90,MBB,835,NA,
349,8,UAV_manual,90,MBB,796,NA,
350,9,UAV_manual,90,MBB,888,NA,
351,10,UAV_manual,90,MBB,564,NA,
352,1,UAV_manual,90,MCC,625,NA,
353,2,UAV_manual,90,MCC,461,NA,
354,3,UAV_manual,90,MCC,548,NA,
355,4,UAV_manual,90,MCC,501,NA,
356,5,UAV_manual,90,MCC,796,NA,
357,6,UAV_manual,90,MCC,857,NA,
358,7,UAV_manual,90,MCC,839,NA,
359,8,UAV_manual,90,MCC,828,NA,
360,9,UAV_manual,90,MCC,890,NA,
361,10,UAV_manual,90,MCC,547,NA,
1,1,Auto,30,Computer,627,1,
2,1,Auto,30,Computer,627,2,
3,1,Auto,30,Computer,628,3,
4,1,Auto,30,Computer,626,4,
5,1,Auto,30,Computer,629,5,
6,1,Auto,30,Computer,627,6,
7,1,Auto,30,Computer,629,7,
8,1,Auto,30,Computer,628,8,
9,1,Auto,30,Computer,628,9,
10,1,Auto,30,Computer,628,10,
11,1,Auto,30,Computer,628,11,
12,1,Auto,30,Computer,628,12,
13,1,Auto,30,Computer,628,13,
14,1,Auto,30,Computer,628,14,
15,1,Auto,30,Computer,628,15,
16,1,Auto,30,Computer,628,16,
17,1,Auto,30,Computer,628,17,
18,1,Auto,30,Computer,628,18,
19,1,Auto,30,Computer,628,19,
20,1,Auto,30,Computer,628,20,
21,1,Auto,30,Computer,628,21,
22,1,Auto,30,Computer,628,22,
23,1,Auto,30,Computer,628,23,
24,1,Auto,30,Computer,628,24,
25,1,Auto,30,Computer,628,25,
26,1,Auto,30,Computer,628,26,
27,1,Auto,30,Computer,628,27,
28,1,Auto,30,Computer,628,28,
29,1,Auto,30,Computer,628,29,
30,1,Auto,30,Computer,628,30,
31,2,Auto,30,Computer,481,1,
32,2,Auto,30,Computer,479,2,
33,2,Auto,30,Computer,475,3,
34,2,Auto,30,Computer,480,4,
35,2,Auto,30,Computer,477,5,
36,2,Auto,30,Computer,478,6,
37,2,Auto,30,Computer,475,7,
38,2,Auto,30,Computer,481,8,
39,2,Auto,30,Computer,476,9,
40,2,Auto,30,Computer,482,10,
41,2,Auto,30,Computer,478,11,
42,2,Auto,30,Computer,475,12,
43,2,Auto,30,Computer,477,13,
44,2,Auto,30,Computer,476,14,
45,2,Auto,30,Computer,478,15,
46,2,Auto,30,Computer,479,16,
47,2,Auto,30,Computer,479,17,
48,2,Auto,30,Computer,478,18,
49,2,Auto,30,Computer,477,19,
50,2,Auto,30,Computer,476,20,
51,2,Auto,30,Computer,478,21,
52,2,Auto,30,Computer,477,22,
53,2,Auto,30,Computer,475,23,
54,2,Auto,30,Computer,477,24,
55,2,Auto,30,Computer,477,25,
56,2,Auto,30,Computer,477,26,
57,2,Auto,30,Computer,477,27,
58,2,Auto,30,Computer,477,28,
59,2,Auto,30,Computer,478,29,
60,2,Auto,30,Computer,479,30,
61,3,Auto,30,Computer,556,1,
62,3,Auto,30,Computer,553,2,
63,3,Auto,30,Computer,551,3,
64,3,Auto,30,Computer,550,4,
65,3,Auto,30,Computer,550,5,
66,3,Auto,30,Computer,549,6,
67,3,Auto,30,Computer,551,7,
68,3,Auto,30,Computer,549,8,
69,3,Auto,30,Computer,550,9,
70,3,Auto,30,Computer,549,10,
71,3,Auto,30,Computer,550,11,
72,3,Auto,30,Computer,549,12,
73,3,Auto,30,Computer,549,13,
74,3,Auto,30,Computer,550,14,
75,3,Auto,30,Computer,549,15,
76,3,Auto,30,Computer,549,16,
77,3,Auto,30,Computer,549,17,
78,3,Auto,30,Computer,549,18,
79,3,Auto,30,Computer,549,19,
80,3,Auto,30,Computer,549,20,
81,3,Auto,30,Computer,549,21,
82,3,Auto,30,Computer,549,22,
83,3,Auto,30,Computer,549,23,
84,3,Auto,30,Computer,549,24,
85,3,Auto,30,Computer,549,25,
86,3,Auto,30,Computer,549,26,
87,3,Auto,30,Computer,549,27,
88,3,Auto,30,Computer,549,28,
89,3,Auto,30,Computer,549,29,
90,3,Auto,30,Computer,549,30,
91,4,Auto,30,Computer,546,1,
92,4,Auto,30,Computer,526,2,
93,4,Auto,30,Computer,514,3,
94,4,Auto,30,Computer,509,4,
95,4,Auto,30,Computer,518,5,
96,4,Auto,30,Computer,505,6,
97,4,Auto,30,Computer,503,7,
98,4,Auto,30,Computer,506,8,
99,4,Auto,30,Computer,501,9,
100,4,Auto,30,Computer,498,10,
101,4,Auto,30,Computer,500,11,
102,4,Auto,30,Computer,502,12,
103,4,Auto,30,Computer,503,13,
104,4,Auto,30,Computer,501,14,
105,4,Auto,30,Computer,504,15,
106,4,Auto,30,Computer,501,16,
107,4,Auto,30,Computer,500,17,
108,4,Auto,30,Computer,503,18,
109,4,Auto,30,Computer,502,19,
110,4,Auto,30,Computer,504,20,
111,4,Auto,30,Computer,500,21,
112,4,Auto,30,Computer,502,22,
113,4,Auto,30,Computer,502,23,
114,4,Auto,30,Computer,504,24,
115,4,Auto,30,Computer,502,25,
116,4,Auto,30,Computer,504,26,
117,4,Auto,30,Computer,503,27,
118,4,Auto,30,Computer,502,28,
119,4,Auto,30,Computer,504,29,
120,4,Auto,30,Computer,502,30,
121,5,Auto,30,Computer,1286,1,
122,5,Auto,30,Computer,1258,2,
123,5,Auto,30,Computer,1179,3,
124,5,Auto,30,Computer,1175,4,
125,5,Auto,30,Computer,1169,5,
126,5,Auto,30,Computer,1141,6,
127,5,Auto,30,Computer,1132,7,
128,5,Auto,30,Computer,1138,8,
129,5,Auto,30,Computer,1121,9,
130,5,Auto,30,Computer,1115,10,
131,5,Auto,30,Computer,1130,11,
132,5,Auto,30,Computer,1110,12,
133,5,Auto,30,Computer,1114,13,
134,5,Auto,30,Computer,1108,14,
135,5,Auto,30,Computer,1105,15,
136,5,Auto,30,Computer,1111,16,
137,5,Auto,30,Computer,1111,17,
138,5,Auto,30,Computer,1100,18,
139,5,Auto,30,Computer,1099,19,
140,5,Auto,30,Computer,1100,20,
141,5,Auto,30,Computer,1097,21,
142,5,Auto,30,Computer,1106,22,
143,5,Auto,30,Computer,1099,23,
144,5,Auto,30,Computer,1097,24,
145,5,Auto,30,Computer,1097,25,
146,5,Auto,30,Computer,1101,26,
147,5,Auto,30,Computer,1096,27,
148,5,Auto,30,Computer,1098,28,
149,5,Auto,30,Computer,1097,29,
150,5,Auto,30,Computer,1095,30,
151,6,Auto,30,Computer,910,1,
152,6,Auto,30,Computer,941,2,
153,6,Auto,30,Computer,964,3,
154,6,Auto,30,Computer,906,4,
155,6,Auto,30,Computer,926,5,
156,6,Auto,30,Computer,944,6,
157,6,Auto,30,Computer,960,7,
158,6,Auto,30,Computer,964,8,
159,6,Auto,30,Computer,956,9,
160,6,Auto,30,Computer,956,10,
161,6,Auto,30,Computer,971,11,
162,6,Auto,30,Computer,951,12,
163,6,Auto,30,Computer,953,13,
164,6,Auto,30,Computer,959,14,
165,6,Auto,30,Computer,959,15,
166,6,Auto,30,Computer,965,16,
167,6,Auto,30,Computer,969,17,
168,6,Auto,30,Computer,969,18,
169,6,Auto,30,Computer,979,19,
170,6,Auto,30,Computer,977,20,
171,6,Auto,30,Computer,986,21,
172,6,Auto,30,Computer,986,22,
173,6,Auto,30,Computer,992,23,
174,6,Auto,30,Computer,988,24,
175,6,Auto,30,Computer,997,25,
176,6,Auto,30,Computer,991,26,
177,6,Auto,30,Computer,994,27,
178,6,Auto,30,Computer,994,28,
179,6,Auto,30,Computer,999,29,
180,6,Auto,30,Computer,993,30,
181,7,Auto,30,Computer,894,1,
182,7,Auto,30,Computer,888,2,
183,7,Auto,30,Computer,871,3,
184,7,Auto,30,Computer,868,4,
185,7,Auto,30,Computer,869,5,
186,7,Auto,30,Computer,859,6,
187,7,Auto,30,Computer,859,7,
188,7,Auto,30,Computer,860,8,
189,7,Auto,30,Computer,856,9,
190,7,Auto,30,Computer,858,10,
191,7,Auto,30,Computer,855,11,
192,7,Auto,30,Computer,853,12,
193,7,Auto,30,Computer,857,13,
194,7,Auto,30,Computer,858,14,
195,7,Auto,30,Computer,861,15,
196,7,Auto,30,Computer,856,16,
197,7,Auto,30,Computer,857,17,
198,7,Auto,30,Computer,857,18,
199,7,Auto,30,Computer,857,19,
200,7,Auto,30,Computer,859,20,
201,7,Auto,30,Computer,857,21,
202,7,Auto,30,Computer,858,22,
203,7,Auto,30,Computer,859,23,
204,7,Auto,30,Computer,857,24,
205,7,Auto,30,Computer,855,25,
206,7,Auto,30,Computer,854,26,
207,7,Auto,30,Computer,859,27,
208,7,Auto,30,Computer,859,28,
209,7,Auto,30,Computer,858,29,
210,7,Auto,30,Computer,859,30,
211,8,Auto,30,Computer,940,1,
212,8,Auto,30,Computer,950,2,
213,8,Auto,30,Computer,933,3,
214,8,Auto,30,Computer,912,4,
215,8,Auto,30,Computer,911,5,
216,8,Auto,30,Computer,904,6,
217,8,Auto,30,Computer,897,7,
218,8,Auto,30,Computer,896,8,
219,8,Auto,30,Computer,892,9,
220,8,Auto,30,Computer,894,10,
221,8,Auto,30,Computer,886,11,
222,8,Auto,30,Computer,880,12,
223,8,Auto,30,Computer,882,13,
224,8,Auto,30,Computer,883,14,
225,8,Auto,30,Computer,880,15,
226,8,Auto,30,Computer,878,16,
227,8,Auto,30,Computer,878,17,
228,8,Auto,30,Computer,878,18,
229,8,Auto,30,Computer,873,19,
230,8,Auto,30,Computer,873,20,
231,8,Auto,30,Computer,877,21,
232,8,Auto,30,Computer,874,22,
233,8,Auto,30,Computer,876,23,
234,8,Auto,30,Computer,878,24,
235,8,Auto,30,Computer,874,25,
236,8,Auto,30,Computer,876,26,
237,8,Auto,30,Computer,877,27,
238,8,Auto,30,Computer,878,28,
239,8,Auto,30,Computer,878,29,
240,8,Auto,30,Computer,877,30,
241,9,Auto,30,Computer,1386,1,
242,9,Auto,30,Computer,1262,2,
243,9,Auto,30,Computer,1184,3,
244,9,Auto,30,Computer,1161,4,
245,9,Auto,30,Computer,1170,5,
246,9,Auto,30,Computer,1101,6,
247,9,Auto,30,Computer,1108,7,
248,9,Auto,30,Computer,1091,8,
249,9,Auto,30,Computer,1070,9,
250,9,Auto,30,Computer,1076,10,
251,9,Auto,30,Computer,1058,11,
252,9,Auto,30,Computer,1071,12,
253,9,Auto,30,Computer,1074,13,
254,9,Auto,30,Computer,1064,14,
255,9,Auto,30,Computer,1067,15,
256,9,Auto,30,Computer,1058,16,
257,9,Auto,30,Computer,1054,17,
258,9,Auto,30,Computer,1051,18,
259,9,Auto,30,Computer,1055,19,
260,9,Auto,30,Computer,1058,20,
261,9,Auto,30,Computer,1064,21,
262,9,Auto,30,Computer,1052,22,
263,9,Auto,30,Computer,1051,23,
264,9,Auto,30,Computer,1045,24,
265,9,Auto,30,Computer,1048,25,
266,9,Auto,30,Computer,1050,26,
267,9,Auto,30,Computer,1048,27,
268,9,Auto,30,Computer,1051,28,
269,9,Auto,30,Computer,1060,29,
270,9,Auto,30,Computer,1059,30,
271,10,Auto,30,Computer,578,1,
272,10,Auto,30,Computer,581,2,
273,10,Auto,30,Computer,572,3,
274,10,Auto,30,Computer,566,4,
275,10,Auto,30,Computer,568,5,
276,10,Auto,30,Computer,569,6,
277,10,Auto,30,Computer,565,7,
278,10,Auto,30,Computer,563,8,
279,10,Auto,30,Computer,565,9,
280,10,Auto,30,Computer,568,10,
281,10,Auto,30,Computer,565,11,
282,10,Auto,30,Computer,567,12,
283,10,Auto,30,Computer,566,13,
284,10,Auto,30,Computer,565,14,
285,10,Auto,30,Computer,567,15,
286,10,Auto,30,Computer,567,16,
287,10,Auto,30,Computer,565,17,
288,10,Auto,30,Computer,565,18,
289,10,Auto,30,Computer,565,19,
290,10,Auto,30,Computer,565,20,
291,10,Auto,30,Computer,565,21,
292,10,Auto,30,Computer,566,22,
293,10,Auto,30,Computer,567,23,
294,10,Auto,30,Computer,567,24,
295,10,Auto,30,Computer,567,25,
296,10,Auto,30,Computer,567,26,
297,10,Auto,30,Computer,567,27,
298,10,Auto,30,Computer,566,28,
299,10,Auto,30,Computer,567,29,
300,10,Auto,30,Computer,566,30,
301,1,Auto,60,Computer,635,1,
302,1,Auto,60,Computer,637,2,
303,1,Auto,60,Computer,630,3,
304,1,Auto,60,Computer,629,4,
305,1,Auto,60,Computer,629,5,
306,1,Auto,60,Computer,633,6,
307,1,Auto,60,Computer,634,7,
308,1,Auto,60,Computer,643,8,
309,1,Auto,60,Computer,645,9,
310,1,Auto,60,Computer,633,10,
311,1,Auto,60,Computer,639,11,
312,1,Auto,60,Computer,636,12,
313,1,Auto,60,Computer,633,13,
314,1,Auto,60,Computer,638,14,
315,1,Auto,60,Computer,630,15,
316,1,Auto,60,Computer,640,16,
317,1,Auto,60,Computer,635,17,
318,1,Auto,60,Computer,631,18,
319,1,Auto,60,Computer,628,19,
320,1,Auto,60,Computer,635,20,
321,1,Auto,60,Computer,626,21,
322,1,Auto,60,Computer,628,22,
323,1,Auto,60,Computer,632,23,
324,1,Auto,60,Computer,630,24,
325,1,Auto,60,Computer,630,25,
326,1,Auto,60,Computer,628,26,
327,1,Auto,60,Computer,630,27,
328,1,Auto,60,Computer,629,28,
329,1,Auto,60,Computer,632,29,
330,1,Auto,60,Computer,633,30,
331,2,Auto,60,Computer,548,1,
332,2,Auto,60,Computer,481,2,
333,2,Auto,60,Computer,487,3,
334,2,Auto,60,Computer,500,4,
335,2,Auto,60,Computer,480,5,
336,2,Auto,60,Computer,478,6,
337,2,Auto,60,Computer,493,7,
338,2,Auto,60,Computer,482,8,
339,2,Auto,60,Computer,484,9,
340,2,Auto,60,Computer,479,10,
341,2,Auto,60,Computer,482,11,
342,2,Auto,60,Computer,476,12,
343,2,Auto,60,Computer,477,13,
344,2,Auto,60,Computer,475,14,
345,2,Auto,60,Computer,481,15,
346,2,Auto,60,Computer,486,16,
347,2,Auto,60,Computer,476,17,
348,2,Auto,60,Computer,476,18,
349,2,Auto,60,Computer,473,19,
350,2,Auto,60,Computer,478,20,
351,2,Auto,60,Computer,475,21,
352,2,Auto,60,Computer,475,22,
353,2,Auto,60,Computer,480,23,
354,2,Auto,60,Computer,477,24,
355,2,Auto,60,Computer,477,25,
356,2,Auto,60,Computer,478,26,
357,2,Auto,60,Computer,477,27,
358,2,Auto,60,Computer,480,28,
359,2,Auto,60,Computer,475,29,
360,2,Auto,60,Computer,474,30,
361,3,Auto,60,Computer,581,1,
362,3,Auto,60,Computer,567,2,
363,3,Auto,60,Computer,565,3,
364,3,Auto,60,Computer,556,4,
365,3,Auto,60,Computer,556,5,
366,3,Auto,60,Computer,561,6,
367,3,Auto,60,Computer,555,7,
368,3,Auto,60,Computer,554,8,
369,3,Auto,60,Computer,548,9,
370,3,Auto,60,Computer,552,10,
371,3,Auto,60,Computer,557,11,
372,3,Auto,60,Computer,556,12,
373,3,Auto,60,Computer,559,13,
374,3,Auto,60,Computer,548,14,
375,3,Auto,60,Computer,556,15,
376,3,Auto,60,Computer,549,16,
377,3,Auto,60,Computer,551,17,
378,3,Auto,60,Computer,552,18,
379,3,Auto,60,Computer,553,19,
380,3,Auto,60,Computer,550,20,
381,3,Auto,60,Computer,551,21,
382,3,Auto,60,Computer,551,22,
383,3,Auto,60,Computer,550,23,
384,3,Auto,60,Computer,552,24,
385,3,Auto,60,Computer,552,25,
386,3,Auto,60,Computer,553,26,
387,3,Auto,60,Computer,552,27,
388,3,Auto,60,Computer,551,28,
389,3,Auto,60,Computer,550,29,
390,3,Auto,60,Computer,553,30,
391,4,Auto,60,Computer,602,1,
392,4,Auto,60,Computer,584,2,
393,4,Auto,60,Computer,655,3,
394,4,Auto,60,Computer,547,4,
395,4,Auto,60,Computer,551,5,
396,4,Auto,60,Computer,540,6,
397,4,Auto,60,Computer,531,7,
398,4,Auto,60,Computer,535,8,
399,4,Auto,60,Computer,571,9,
400,4,Auto,60,Computer,533,10,
401,4,Auto,60,Computer,530,11,
402,4,Auto,60,Computer,529,12,
403,4,Auto,60,Computer,537,13,
404,4,Auto,60,Computer,541,14,
405,4,Auto,60,Computer,533,15,
406,4,Auto,60,Computer,545,16,
407,4,Auto,60,Computer,527,17,
408,4,Auto,60,Computer,547,18,
409,4,Auto,60,Computer,533,19,
410,4,Auto,60,Computer,548,20,
411,4,Auto,60,Computer,532,21,
412,4,Auto,60,Computer,531,22,
413,4,Auto,60,Computer,531,23,
414,4,Auto,60,Computer,540,24,
415,4,Auto,60,Computer,524,25,
416,4,Auto,60,Computer,515,26,
417,4,Auto,60,Computer,521,27,
418,4,Auto,60,Computer,521,28,
419,4,Auto,60,Computer,532,29,
420,4,Auto,60,Computer,528,30,
421,5,Auto,60,Computer,1226,1,
422,5,Auto,60,Computer,1243,2,
423,5,Auto,60,Computer,1161,3,
424,5,Auto,60,Computer,1178,4,
425,5,Auto,60,Computer,1126,5,
426,5,Auto,60,Computer,1146,6,
427,5,Auto,60,Computer,1113,7,
428,5,Auto,60,Computer,1117,8,
429,5,Auto,60,Computer,1129,9,
430,5,Auto,60,Computer,1099,10,
431,5,Auto,60,Computer,1125,11,
432,5,Auto,60,Computer,1131,12,
433,5,Auto,60,Computer,1111,13,
434,5,Auto,60,Computer,1104,14,
435,5,Auto,60,Computer,1096,15,
436,5,Auto,60,Computer,1113,16,
437,5,Auto,60,Computer,1100,17,
438,5,Auto,60,Computer,1120,18,
439,5,Auto,60,Computer,1119,19,
440,5,Auto,60,Computer,1076,20,
441,5,Auto,60,Computer,1105,21,
442,5,Auto,60,Computer,1101,22,
443,5,Auto,60,Computer,1091,23,
444,5,Auto,60,Computer,1114,24,
445,5,Auto,60,Computer,1108,25,
446,5,Auto,60,Computer,1093,26,
447,5,Auto,60,Computer,1101,27,
448,5,Auto,60,Computer,1114,28,
449,5,Auto,60,Computer,1097,29,
450,5,Auto,60,Computer,1098,30,
451,6,Auto,60,Computer,865,1,
452,6,Auto,60,Computer,856,2,
453,6,Auto,60,Computer,858,3,
454,6,Auto,60,Computer,855,4,
455,6,Auto,60,Computer,858,5,
456,6,Auto,60,Computer,852,6,
457,6,Auto,60,Computer,855,7,
458,6,Auto,60,Computer,854,8,
459,6,Auto,60,Computer,856,9,
460,6,Auto,60,Computer,857,10,
461,6,Auto,60,Computer,856,11,
462,6,Auto,60,Computer,855,12,
463,6,Auto,60,Computer,856,13,
464,6,Auto,60,Computer,857,14,
465,6,Auto,60,Computer,856,15,
466,6,Auto,60,Computer,857,16,
467,6,Auto,60,Computer,857,17,
468,6,Auto,60,Computer,855,18,
469,6,Auto,60,Computer,855,19,
470,6,Auto,60,Computer,857,20,
471,6,Auto,60,Computer,856,21,
472,6,Auto,60,Computer,855,22,
473,6,Auto,60,Computer,855,23,
474,6,Auto,60,Computer,855,24,
475,6,Auto,60,Computer,855,25,
476,6,Auto,60,Computer,856,26,
477,6,Auto,60,Computer,855,27,
478,6,Auto,60,Computer,855,28,
479,6,Auto,60,Computer,855,29,
480,6,Auto,60,Computer,854,30,
481,7,Auto,60,Computer,891,1,
482,7,Auto,60,Computer,872,2,
483,7,Auto,60,Computer,860,3,
484,7,Auto,60,Computer,854,4,
485,7,Auto,60,Computer,857,5,
486,7,Auto,60,Computer,845,6,
487,7,Auto,60,Computer,849,7,
488,7,Auto,60,Computer,849,8,
489,7,Auto,60,Computer,845,9,
490,7,Auto,60,Computer,856,10,
491,7,Auto,60,Computer,846,11,
492,7,Auto,60,Computer,846,12,
493,7,Auto,60,Computer,845,13,
494,7,Auto,60,Computer,854,14,
495,7,Auto,60,Computer,843,15,
496,7,Auto,60,Computer,843,16,
497,7,Auto,60,Computer,849,17,
498,7,Auto,60,Computer,849,18,
499,7,Auto,60,Computer,841,19,
500,7,Auto,60,Computer,847,20,
501,7,Auto,60,Computer,845,21,
502,7,Auto,60,Computer,846,22,
503,7,Auto,60,Computer,849,23,
504,7,Auto,60,Computer,846,24,
505,7,Auto,60,Computer,848,25,
506,7,Auto,60,Computer,841,26,
507,7,Auto,60,Computer,846,27,
508,7,Auto,60,Computer,849,28,
509,7,Auto,60,Computer,848,29,
510,7,Auto,60,Computer,847,30,
511,8,Auto,60,Computer,922,1,
512,8,Auto,60,Computer,892,2,
513,8,Auto,60,Computer,920,3,
514,8,Auto,60,Computer,888,4,
515,8,Auto,60,Computer,878,5,
516,8,Auto,60,Computer,858,6,
517,8,Auto,60,Computer,862,7,
518,8,Auto,60,Computer,867,8,
519,8,Auto,60,Computer,873,9,
520,8,Auto,60,Computer,866,10,
521,8,Auto,60,Computer,869,11,
522,8,Auto,60,Computer,858,12,
523,8,Auto,60,Computer,861,13,
524,8,Auto,60,Computer,859,14,
525,8,Auto,60,Computer,866,15,
526,8,Auto,60,Computer,855,16,
527,8,Auto,60,Computer,854,17,
528,8,Auto,60,Computer,851,18,
529,8,Auto,60,Computer,854,19,
530,8,Auto,60,Computer,850,20,
531,8,Auto,60,Computer,849,21,
532,8,Auto,60,Computer,853,22,
533,8,Auto,60,Computer,857,23,
534,8,Auto,60,Computer,854,24,
535,8,Auto,60,Computer,852,25,
536,8,Auto,60,Computer,850,26,
537,8,Auto,60,Computer,852,27,
538,8,Auto,60,Computer,852,28,
539,8,Auto,60,Computer,854,29,
540,8,Auto,60,Computer,850,30,
541,9,Auto,60,Computer,1051,1,
542,9,Auto,60,Computer,1104,2,
543,9,Auto,60,Computer,1059,3,
544,9,Auto,60,Computer,1067,4,
545,9,Auto,60,Computer,1041,5,
546,9,Auto,60,Computer,1007,6,
547,9,Auto,60,Computer,1018,7,
548,9,Auto,60,Computer,1010,8,
549,9,Auto,60,Computer,1019,9,
550,9,Auto,60,Computer,1026,10,
551,9,Auto,60,Computer,1001,11,
552,9,Auto,60,Computer,989,12,
553,9,Auto,60,Computer,1011,13,
554,9,Auto,60,Computer,996,14,
555,9,Auto,60,Computer,1001,15,
556,9,Auto,60,Computer,1003,16,
557,9,Auto,60,Computer,989,17,
558,9,Auto,60,Computer,1000,18,
559,9,Auto,60,Computer,1002,19,
560,9,Auto,60,Computer,993,20,
561,9,Auto,60,Computer,988,21,
562,9,Auto,60,Computer,985,22,
563,9,Auto,60,Computer,1003,23,
564,9,Auto,60,Computer,985,24,
565,9,Auto,60,Computer,991,25,
566,9,Auto,60,Computer,988,26,
567,9,Auto,60,Computer,986,27,
568,9,Auto,60,Computer,982,28,
569,9,Auto,60,Computer,987,29,
570,9,Auto,60,Computer,985,30,
571,10,Auto,60,Computer,583,1,
572,10,Auto,60,Computer,565,2,
573,10,Auto,60,Computer,574,3,
574,10,Auto,60,Computer,574,4,
575,10,Auto,60,Computer,578,5,
576,10,Auto,60,Computer,573,6,
577,10,Auto,60,Computer,572,7,
578,10,Auto,60,Computer,574,8,
579,10,Auto,60,Computer,570,9,
580,10,Auto,60,Computer,569,10,
581,10,Auto,60,Computer,572,11,
582,10,Auto,60,Computer,566,12,
583,10,Auto,60,Computer,569,13,
584,10,Auto,60,Computer,571,14,
585,10,Auto,60,Computer,568,15,
586,10,Auto,60,Computer,564,16,
587,10,Auto,60,Computer,569,17,
588,10,Auto,60,Computer,568,18,
589,10,Auto,60,Computer,567,19,
590,10,Auto,60,Computer,567,20,
591,10,Auto,60,Computer,565,21,
592,10,Auto,60,Computer,567,22,
593,10,Auto,60,Computer,566,23,
594,10,Auto,60,Computer,565,24,
595,10,Auto,60,Computer,568,25,
596,10,Auto,60,Computer,564,26,
597,10,Auto,60,Computer,566,27,
598,10,Auto,60,Computer,566,28,
599,10,Auto,60,Computer,565,29,
600,10,Auto,60,Computer,566,30,
601,1,Auto,90,Computer,646,1,
602,1,Auto,90,Computer,645,2,
603,1,Auto,90,Computer,637,3,
604,1,Auto,90,Computer,643,4,
605,1,Auto,90,Computer,641,5,
606,1,Auto,90,Computer,641,6,
607,1,Auto,90,Computer,642,7,
608,1,Auto,90,Computer,635,8,
609,1,Auto,90,Computer,635,9,
610,1,Auto,90,Computer,635,10,
611,1,Auto,90,Computer,636,11,
612,1,Auto,90,Computer,636,12,
613,1,Auto,90,Computer,632,13,
614,1,Auto,90,Computer,637,14,
615,1,Auto,90,Computer,638,15,
616,1,Auto,90,Computer,640,16,
617,1,Auto,90,Computer,638,17,
618,1,Auto,90,Computer,639,18,
619,1,Auto,90,Computer,636,19,
620,1,Auto,90,Computer,638,20,
621,1,Auto,90,Computer,635,21,
622,1,Auto,90,Computer,638,22,
623,1,Auto,90,Computer,634,23,
624,1,Auto,90,Computer,636,24,
625,1,Auto,90,Computer,636,25,
626,1,Auto,90,Computer,637,26,
627,1,Auto,90,Computer,636,27,
628,1,Auto,90,Computer,635,28,
629,1,Auto,90,Computer,636,29,
630,1,Auto,90,Computer,637,30,
631,2,Auto,90,Computer,518,1,
632,2,Auto,90,Computer,528,2,
633,2,Auto,90,Computer,528,3,
634,2,Auto,90,Computer,526,4,
635,2,Auto,90,Computer,527,5,
636,2,Auto,90,Computer,504,6,
637,2,Auto,90,Computer,508,7,
638,2,Auto,90,Computer,504,8,
639,2,Auto,90,Computer,500,9,
640,2,Auto,90,Computer,498,10,
641,2,Auto,90,Computer,502,11,
642,2,Auto,90,Computer,504,12,
643,2,Auto,90,Computer,494,13,
644,2,Auto,90,Computer,484,14,
645,2,Auto,90,Computer,497,15,
646,2,Auto,90,Computer,492,16,
647,2,Auto,90,Computer,489,17,
648,2,Auto,90,Computer,482,18,
649,2,Auto,90,Computer,476,19,
650,2,Auto,90,Computer,486,20,
651,2,Auto,90,Computer,490,21,
652,2,Auto,90,Computer,485,22,
653,2,Auto,90,Computer,482,23,
654,2,Auto,90,Computer,488,24,
655,2,Auto,90,Computer,493,25,
656,2,Auto,90,Computer,488,26,
657,2,Auto,90,Computer,478,27,
658,2,Auto,90,Computer,485,28,
659,2,Auto,90,Computer,488,29,
660,2,Auto,90,Computer,488,30,
661,3,Auto,90,Computer,577,1,
662,3,Auto,90,Computer,583,2,
663,3,Auto,90,Computer,566,3,
664,3,Auto,90,Computer,577,4,
665,3,Auto,90,Computer,582,5,
666,3,Auto,90,Computer,568,6,
667,3,Auto,90,Computer,588,7,
668,3,Auto,90,Computer,561,8,
669,3,Auto,90,Computer,562,9,
670,3,Auto,90,Computer,554,10,
671,3,Auto,90,Computer,565,11,
672,3,Auto,90,Computer,566,12,
673,3,Auto,90,Computer,560,13,
674,3,Auto,90,Computer,559,14,
675,3,Auto,90,Computer,546,15,
676,3,Auto,90,Computer,557,16,
677,3,Auto,90,Computer,550,17,
678,3,Auto,90,Computer,542,18,
679,3,Auto,90,Computer,551,19,
680,3,Auto,90,Computer,551,20,
681,3,Auto,90,Computer,550,21,
682,3,Auto,90,Computer,553,22,
683,3,Auto,90,Computer,553,23,
684,3,Auto,90,Computer,550,24,
685,3,Auto,90,Computer,552,25,
686,3,Auto,90,Computer,548,26,
687,3,Auto,90,Computer,552,27,
688,3,Auto,90,Computer,553,28,
689,3,Auto,90,Computer,551,29,
690,3,Auto,90,Computer,548,30,
691,4,Auto,90,Computer,641,1,
692,4,Auto,90,Computer,579,2,
693,4,Auto,90,Computer,565,3,
694,4,Auto,90,Computer,527,4,
695,4,Auto,90,Computer,560,5,
696,4,Auto,90,Computer,543,6,
697,4,Auto,90,Computer,540,7,
698,4,Auto,90,Computer,528,8,
699,4,Auto,90,Computer,539,9,
700,4,Auto,90,Computer,523,10,
701,4,Auto,90,Computer,524,11,
702,4,Auto,90,Computer,517,12,
703,4,Auto,90,Computer,510,13,
704,4,Auto,90,Computer,524,14,
705,4,Auto,90,Computer,508,15,
706,4,Auto,90,Computer,504,16,
707,4,Auto,90,Computer,510,17,
708,4,Auto,90,Computer,508,18,
709,4,Auto,90,Computer,504,19,
710,4,Auto,90,Computer,502,20,
711,4,Auto,90,Computer,500,21,
712,4,Auto,90,Computer,505,22,
713,4,Auto,90,Computer,505,23,
714,4,Auto,90,Computer,508,24,
715,4,Auto,90,Computer,507,25,
716,4,Auto,90,Computer,501,26,
717,4,Auto,90,Computer,500,27,
718,4,Auto,90,Computer,500,28,
719,4,Auto,90,Computer,502,29,
720,4,Auto,90,Computer,503,30,
721,5,Auto,90,Computer,1211,1,
722,5,Auto,90,Computer,1155,2,
723,5,Auto,90,Computer,1140,3,
724,5,Auto,90,Computer,1157,4,
725,5,Auto,90,Computer,1108,5,
726,5,Auto,90,Computer,1078,6,
727,5,Auto,90,Computer,1078,7,
728,5,Auto,90,Computer,1088,8,
729,5,Auto,90,Computer,1075,9,
730,5,Auto,90,Computer,1090,10,
731,5,Auto,90,Computer,1078,11,
732,5,Auto,90,Computer,1080,12,
733,5,Auto,90,Computer,1075,13,
734,5,Auto,90,Computer,1070,14,
735,5,Auto,90,Computer,1050,15,
736,5,Auto,90,Computer,1063,16,
737,5,Auto,90,Computer,1053,17,
738,5,Auto,90,Computer,1070,18,
739,5,Auto,90,Computer,1053,19,
740,5,Auto,90,Computer,1053,20,
741,5,Auto,90,Computer,1054,21,
742,5,Auto,90,Computer,1053,22,
743,5,Auto,90,Computer,1056,23,
744,5,Auto,90,Computer,1065,24,
745,5,Auto,90,Computer,1045,25,
746,5,Auto,90,Computer,1044,26,
747,5,Auto,90,Computer,1050,27,
748,5,Auto,90,Computer,1047,28,
749,5,Auto,90,Computer,1050,29,
750,5,Auto,90,Computer,1051,30,
751,6,Auto,90,Computer,867,1,
752,6,Auto,90,Computer,860,2,
753,6,Auto,90,Computer,866,3,
754,6,Auto,90,Computer,859,4,
755,6,Auto,90,Computer,861,5,
756,6,Auto,90,Computer,853,6,
757,6,Auto,90,Computer,858,7,
758,6,Auto,90,Computer,859,8,
759,6,Auto,90,Computer,855,9,
760,6,Auto,90,Computer,858,10,
761,6,Auto,90,Computer,852,11,
762,6,Auto,90,Computer,856,12,
763,6,Auto,90,Computer,855,13,
764,6,Auto,90,Computer,857,14,
765,6,Auto,90,Computer,853,15,
766,6,Auto,90,Computer,852,16,
767,6,Auto,90,Computer,855,17,
768,6,Auto,90,Computer,858,18,
769,6,Auto,90,Computer,852,19,
770,6,Auto,90,Computer,852,20,
771,6,Auto,90,Computer,857,21,
772,6,Auto,90,Computer,858,22,
773,6,Auto,90,Computer,853,23,
774,6,Auto,90,Computer,855,24,
775,6,Auto,90,Computer,854,25,
776,6,Auto,90,Computer,854,26,
777,6,Auto,90,Computer,855,27,
778,6,Auto,90,Computer,855,28,
779,6,Auto,90,Computer,855,29,
780,6,Auto,90,Computer,855,30,
781,7,Auto,90,Computer,863,1,
782,7,Auto,90,Computer,843,2,
783,7,Auto,90,Computer,844,3,
784,7,Auto,90,Computer,844,4,
785,7,Auto,90,Computer,840,5,
786,7,Auto,90,Computer,845,6,
787,7,Auto,90,Computer,842,7,
788,7,Auto,90,Computer,842,8,
789,7,Auto,90,Computer,841,9,
790,7,Auto,90,Computer,845,10,
791,7,Auto,90,Computer,842,11,
792,7,Auto,90,Computer,840,12,
793,7,Auto,90,Computer,844,13,
794,7,Auto,90,Computer,842,14,
795,7,Auto,90,Computer,839,15,
796,7,Auto,90,Computer,843,16,
797,7,Auto,90,Computer,839,17,
798,7,Auto,90,Computer,839,18,
799,7,Auto,90,Computer,839,19,
800,7,Auto,90,Computer,840,20,
801,7,Auto,90,Computer,841,21,
802,7,Auto,90,Computer,842,22,
803,7,Auto,90,Computer,842,23,
804,7,Auto,90,Computer,842,24,
805,7,Auto,90,Computer,842,25,
806,7,Auto,90,Computer,842,26,
807,7,Auto,90,Computer,841,27,
808,7,Auto,90,Computer,839,28,
809,7,Auto,90,Computer,838,29,
810,7,Auto,90,Computer,840,30,
811,8,Auto,90,Computer,810,1,
812,8,Auto,90,Computer,803,2,
813,8,Auto,90,Computer,805,3,
814,8,Auto,90,Computer,784,4,
815,8,Auto,90,Computer,793,5,
816,8,Auto,90,Computer,802,6,
817,8,Auto,90,Computer,796,7,
818,8,Auto,90,Computer,790,8,
819,8,Auto,90,Computer,793,9,
820,8,Auto,90,Computer,794,10,
821,8,Auto,90,Computer,788,11,
822,8,Auto,90,Computer,796,12,
823,8,Auto,90,Computer,790,13,
824,8,Auto,90,Computer,790,14,
825,8,Auto,90,Computer,788,15,
826,8,Auto,90,Computer,794,16,
827,8,Auto,90,Computer,795,17,
828,8,Auto,90,Computer,791,18,
829,8,Auto,90,Computer,794,19,
830,8,Auto,90,Computer,792,20,
831,8,Auto,90,Computer,791,21,
832,8,Auto,90,Computer,794,22,
833,8,Auto,90,Computer,795,23,
834,8,Auto,90,Computer,793,24,
835,8,Auto,90,Computer,794,25,
836,8,Auto,90,Computer,795,26,
837,8,Auto,90,Computer,795,27,
838,8,Auto,90,Computer,794,28,
839,8,Auto,90,Computer,795,29,
840,8,Auto,90,Computer,796,30,
841,9,Auto,90,Computer,969,1,
842,9,Auto,90,Computer,984,2,
843,9,Auto,90,Computer,952,3,
844,9,Auto,90,Computer,929,4,
845,9,Auto,90,Computer,918,5,
846,9,Auto,90,Computer,913,6,
847,9,Auto,90,Computer,908,7,
848,9,Auto,90,Computer,912,8,
849,9,Auto,90,Computer,898,9,
850,9,Auto,90,Computer,904,10,
851,9,Auto,90,Computer,903,11,
852,9,Auto,90,Computer,899,12,
853,9,Auto,90,Computer,901,13,
854,9,Auto,90,Computer,907,14,
855,9,Auto,90,Computer,896,15,
856,9,Auto,90,Computer,893,16,
857,9,Auto,90,Computer,894,17,
858,9,Auto,90,Computer,895,18,
859,9,Auto,90,Computer,896,19,
860,9,Auto,90,Computer,900,20,
861,9,Auto,90,Computer,891,21,
862,9,Auto,90,Computer,898,22,
863,9,Auto,90,Computer,891,23,
864,9,Auto,90,Computer,898,24,
865,9,Auto,90,Computer,899,25,
866,9,Auto,90,Computer,901,26,
867,9,Auto,90,Computer,901,27,
868,9,Auto,90,Computer,901,28,
869,9,Auto,90,Computer,903,29,
870,9,Auto,90,Computer,903,30,
871,10,Auto,90,Computer,571,1,
872,10,Auto,90,Computer,547,2,
873,10,Auto,90,Computer,552,3,
874,10,Auto,90,Computer,555,4,
875,10,Auto,90,Computer,544,5,
876,10,Auto,90,Computer,540,6,
877,10,Auto,90,Computer,539,7,
878,10,Auto,90,Computer,544,8,
879,10,Auto,90,Computer,539,9,
880,10,Auto,90,Computer,542,10,
881,10,Auto,90,Computer,543,11,
882,10,Auto,90,Computer,540,12,
883,10,Auto,90,Computer,544,13,
884,10,Auto,90,Computer,538,14,
885,10,Auto,90,Computer,539,15,
886,10,Auto,90,Computer,535,16,
887,10,Auto,90,Computer,541,17,
888,10,Auto,90,Computer,539,18,
889,10,Auto,90,Computer,538,19,
890,10,Auto,90,Computer,537,20,
891,10,Auto,90,Computer,538,21,
892,10,Auto,90,Computer,539,22,
893,10,Auto,90,Computer,540,23,
894,10,Auto,90,Computer,534,24,
895,10,Auto,90,Computer,534,25,
896,10,Auto,90,Computer,535,26,
897,10,Auto,90,Computer,536,27,
898,10,Auto,90,Computer,535,28,
899,10,Auto,90,Computer,536,29,
900,10,Auto,90,Computer,536,30,
901,1,Auto,120,Computer,630,1,
902,1,Auto,120,Computer,625,2,
903,1,Auto,120,Computer,635,3,
904,1,Auto,120,Computer,631,4,
905,1,Auto,120,Computer,626,5,
906,1,Auto,120,Computer,631,6,
907,1,Auto,120,Computer,627,7,
908,1,Auto,120,Computer,626,8,
909,1,Auto,120,Computer,623,9,
910,1,Auto,120,Computer,613,10,
911,1,Auto,120,Computer,621,11,
912,1,Auto,120,Computer,622,12,
913,1,Auto,120,Computer,619,13,
914,1,Auto,120,Computer,623,14,
915,1,Auto,120,Computer,621,15,
916,1,Auto,120,Computer,623,16,
917,1,Auto,120,Computer,626,17,
918,1,Auto,120,Computer,625,18,
919,1,Auto,120,Computer,625,19,
920,1,Auto,120,Computer,625,20,
921,1,Auto,120,Computer,625,21,
922,1,Auto,120,Computer,625,22,
923,1,Auto,120,Computer,625,23,
924,1,Auto,120,Computer,625,24,
925,1,Auto,120,Computer,621,25,
926,1,Auto,120,Computer,622,26,
927,1,Auto,120,Computer,623,27,
928,1,Auto,120,Computer,624,28,
929,1,Auto,120,Computer,624,29,
930,1,Auto,120,Computer,621,30,
931,2,Auto,120,Computer,523,1,
932,2,Auto,120,Computer,511,2,
933,2,Auto,120,Computer,473,3,
934,2,Auto,120,Computer,503,4,
935,2,Auto,120,Computer,479,5,
936,2,Auto,120,Computer,480,6,
937,2,Auto,120,Computer,466,7,
938,2,Auto,120,Computer,479,8,
939,2,Auto,120,Computer,486,9,
940,2,Auto,120,Computer,472,10,
941,2,Auto,120,Computer,473,11,
942,2,Auto,120,Computer,477,12,
943,2,Auto,120,Computer,473,13,
944,2,Auto,120,Computer,470,14,
945,2,Auto,120,Computer,460,15,
946,2,Auto,120,Computer,470,16,
947,2,Auto,120,Computer,467,17,
948,2,Auto,120,Computer,467,18,
949,2,Auto,120,Computer,463,19,
950,2,Auto,120,Computer,465,20,
951,2,Auto,120,Computer,463,21,
952,2,Auto,120,Computer,467,22,
953,2,Auto,120,Computer,468,23,
954,2,Auto,120,Computer,468,24,
955,2,Auto,120,Computer,467,25,
956,2,Auto,120,Computer,468,26,
957,2,Auto,120,Computer,468,27,
958,2,Auto,120,Computer,468,28,
959,2,Auto,120,Computer,467,29,
960,2,Auto,120,Computer,468,30,
961,3,Auto,120,Computer,633,1,
962,3,Auto,120,Computer,618,2,
963,3,Auto,120,Computer,571,3,
964,3,Auto,120,Computer,580,4,
965,3,Auto,120,Computer,588,5,
966,3,Auto,120,Computer,564,6,
967,3,Auto,120,Computer,562,7,
968,3,Auto,120,Computer,567,8,
969,3,Auto,120,Computer,566,9,
970,3,Auto,120,Computer,562,10,
971,3,Auto,120,Computer,555,11,
972,3,Auto,120,Computer,566,12,
973,3,Auto,120,Computer,558,13,
974,3,Auto,120,Computer,555,14,
975,3,Auto,120,Computer,557,15,
976,3,Auto,120,Computer,554,16,
977,3,Auto,120,Computer,552,17,
978,3,Auto,120,Computer,555,18,
979,3,Auto,120,Computer,554,19,
980,3,Auto,120,Computer,552,20,
981,3,Auto,120,Computer,550,21,
982,3,Auto,120,Computer,551,22,
983,3,Auto,120,Computer,551,23,
984,3,Auto,120,Computer,552,24,
985,3,Auto,120,Computer,553,25,
986,3,Auto,120,Computer,553,26,
987,3,Auto,120,Computer,553,27,
988,3,Auto,120,Computer,553,28,
989,3,Auto,120,Computer,553,29,
990,3,Auto,120,Computer,552,30,
991,4,Auto,120,Computer,563,1,
992,4,Auto,120,Computer,561,2,
993,4,Auto,120,Computer,517,3,
994,4,Auto,120,Computer,544,4,
995,4,Auto,120,Computer,543,5,
996,4,Auto,120,Computer,493,6,
997,4,Auto,120,Computer,501,7,
998,4,Auto,120,Computer,496,8,
999,4,Auto,120,Computer,495,9,
1000,4,Auto,120,Computer,490,10,
1001,4,Auto,120,Computer,509,11,
1002,4,Auto,120,Computer,502,12,
1003,4,Auto,120,Computer,490,13,
1004,4,Auto,120,Computer,498,14,
1005,4,Auto,120,Computer,485,15,
1006,4,Auto,120,Computer,486,16,
1007,4,Auto,120,Computer,483,17,
1008,4,Auto,120,Computer,482,18,
1009,4,Auto,120,Computer,488,19,
1010,4,Auto,120,Computer,481,20,
1011,4,Auto,120,Computer,484,21,
1012,4,Auto,120,Computer,488,22,
1013,4,Auto,120,Computer,485,23,
1014,4,Auto,120,Computer,489,24,
1015,4,Auto,120,Computer,490,25,
1016,4,Auto,120,Computer,497,26,
1017,4,Auto,120,Computer,499,27,
1018,4,Auto,120,Computer,499,28,
1019,4,Auto,120,Computer,499,29,
1020,4,Auto,120,Computer,500,30,
1021,5,Auto,120,Computer,1435,1,
1022,5,Auto,120,Computer,1259,2,
1023,5,Auto,120,Computer,1199,3,
1024,5,Auto,120,Computer,1177,4,
1025,5,Auto,120,Computer,1186,5,
1026,5,Auto,120,Computer,1104,6,
1027,5,Auto,120,Computer,1079,7,
1028,5,Auto,120,Computer,1070,8,
1029,5,Auto,120,Computer,1081,9,
1030,5,Auto,120,Computer,1067,10,
1031,5,Auto,120,Computer,1096,11,
1032,5,Auto,120,Computer,1079,12,
1033,5,Auto,120,Computer,1073,13,
1034,5,Auto,120,Computer,1079,14,
1035,5,Auto,120,Computer,1057,15,
1036,5,Auto,120,Computer,1066,16,
1037,5,Auto,120,Computer,1082,17,
1038,5,Auto,120,Computer,1065,18,
1039,5,Auto,120,Computer,1075,19,
1040,5,Auto,120,Computer,1063,20,
1041,5,Auto,120,Computer,1073,21,
1042,5,Auto,120,Computer,1074,22,
1043,5,Auto,120,Computer,1072,23,
1044,5,Auto,120,Computer,1066,24,
1045,5,Auto,120,Computer,1073,25,
1046,5,Auto,120,Computer,1077,26,
1047,5,Auto,120,Computer,1070,27,
1048,5,Auto,120,Computer,1068,28,
1049,5,Auto,120,Computer,1069,29,
1050,5,Auto,120,Computer,1064,30,
1051,6,Auto,120,Computer,862,1,
1052,6,Auto,120,Computer,868,2,
1053,6,Auto,120,Computer,869,3,
1054,6,Auto,120,Computer,873,4,
1055,6,Auto,120,Computer,856,5,
1056,6,Auto,120,Computer,861,6,
1057,6,Auto,120,Computer,862,7,
1058,6,Auto,120,Computer,855,8,
1059,6,Auto,120,Computer,861,9,
1060,6,Auto,120,Computer,857,10,
1061,6,Auto,120,Computer,855,11,
1062,6,Auto,120,Computer,853,12,
1063,6,Auto,120,Computer,855,13,
1064,6,Auto,120,Computer,851,14,
1065,6,Auto,120,Computer,853,15,
1066,6,Auto,120,Computer,854,16,
1067,6,Auto,120,Computer,856,17,
1068,6,Auto,120,Computer,857,18,
1069,6,Auto,120,Computer,851,19,
1070,6,Auto,120,Computer,853,20,
1071,6,Auto,120,Computer,854,21,
1072,6,Auto,120,Computer,854,22,
1073,6,Auto,120,Computer,856,23,
1074,6,Auto,120,Computer,855,24,
1075,6,Auto,120,Computer,853,25,
1076,6,Auto,120,Computer,854,26,
1077,6,Auto,120,Computer,854,27,
1078,6,Auto,120,Computer,853,28,
1079,6,Auto,120,Computer,855,29,
1080,6,Auto,120,Computer,856,30,
1081,7,Auto,120,Computer,829,1,
1082,7,Auto,120,Computer,859,2,
1083,7,Auto,120,Computer,850,3,
1084,7,Auto,120,Computer,875,4,
1085,7,Auto,120,Computer,879,5,
1086,7,Auto,120,Computer,859,6,
1087,7,Auto,120,Computer,867,7,
1088,7,Auto,120,Computer,866,8,
1089,7,Auto,120,Computer,880,9,
1090,7,Auto,120,Computer,855,10,
1091,7,Auto,120,Computer,850,11,
1092,7,Auto,120,Computer,863,12,
1093,7,Auto,120,Computer,865,13,
1094,7,Auto,120,Computer,870,14,
1095,7,Auto,120,Computer,878,15,
1096,7,Auto,120,Computer,875,16,
1097,7,Auto,120,Computer,881,17,
1098,7,Auto,120,Computer,881,18,
1099,7,Auto,120,Computer,883,19,
1100,7,Auto,120,Computer,880,20,
1101,7,Auto,120,Computer,881,21,
1102,7,Auto,120,Computer,875,22,
1103,7,Auto,120,Computer,874,23,
1104,7,Auto,120,Computer,881,24,
1105,7,Auto,120,Computer,879,25,
1106,7,Auto,120,Computer,875,26,
1107,7,Auto,120,Computer,870,27,
1108,7,Auto,120,Computer,871,28,
1109,7,Auto,120,Computer,874,29,
1110,7,Auto,120,Computer,874,30,
1111,8,Auto,120,Computer,1043,1,
1112,8,Auto,120,Computer,826,2,
1113,8,Auto,120,Computer,751,3,
1114,8,Auto,120,Computer,844,4,
1115,8,Auto,120,Computer,806,5,
1116,8,Auto,120,Computer,713,6,
1117,8,Auto,120,Computer,735,7,
1118,8,Auto,120,Computer,728,8,
1119,8,Auto,120,Computer,738,9,
1120,8,Auto,120,Computer,717,10,
1121,8,Auto,120,Computer,726,11,
1122,8,Auto,120,Computer,711,12,
1123,8,Auto,120,Computer,728,13,
1124,8,Auto,120,Computer,730,14,
1125,8,Auto,120,Computer,731,15,
1126,8,Auto,120,Computer,719,16,
1127,8,Auto,120,Computer,720,17,
1128,8,Auto,120,Computer,719,18,
1129,8,Auto,120,Computer,710,19,
1130,8,Auto,120,Computer,732,20,
1131,8,Auto,120,Computer,711,21,
1132,8,Auto,120,Computer,707,22,
1133,8,Auto,120,Computer,709,23,
1134,8,Auto,120,Computer,714,24,
1135,8,Auto,120,Computer,716,25,
1136,8,Auto,120,Computer,716,26,
1137,8,Auto,120,Computer,705,27,
1138,8,Auto,120,Computer,724,28,
1139,8,Auto,120,Computer,712,29,
1140,8,Auto,120,Computer,719,30,
1141,9,Auto,120,Computer,919,1,
1142,9,Auto,120,Computer,935,2,
1143,9,Auto,120,Computer,844,3,
1144,9,Auto,120,Computer,844,4,
1145,9,Auto,120,Computer,837,5,
1146,9,Auto,120,Computer,843,6,
1147,9,Auto,120,Computer,867,7,
1148,9,Auto,120,Computer,858,8,
1149,9,Auto,120,Computer,863,9,
1150,9,Auto,120,Computer,849,10,
1151,9,Auto,120,Computer,849,11,
1152,9,Auto,120,Computer,843,12,
1153,9,Auto,120,Computer,837,13,
1154,9,Auto,120,Computer,831,14,
1155,9,Auto,120,Computer,856,15,
1156,9,Auto,120,Computer,844,16,
1157,9,Auto,120,Computer,838,17,
1158,9,Auto,120,Computer,846,18,
1159,9,Auto,120,Computer,832,19,
1160,9,Auto,120,Computer,826,20,
1161,9,Auto,120,Computer,828,21,
1162,9,Auto,120,Computer,833,22,
1163,9,Auto,120,Computer,836,23,
1164,9,Auto,120,Computer,825,24,
1165,9,Auto,120,Computer,818,25,
1166,9,Auto,120,Computer,828,26,
1167,9,Auto,120,Computer,822,27,
1168,9,Auto,120,Computer,825,28,
1169,9,Auto,120,Computer,830,29,
1170,9,Auto,120,Computer,828,30,
1171,10,Auto,120,Computer,486,1,
1172,10,Auto,120,Computer,577,2,
1173,10,Auto,120,Computer,576,3,
1174,10,Auto,120,Computer,628,4,
1175,10,Auto,120,Computer,611,5,
1176,10,Auto,120,Computer,586,6,
1177,10,Auto,120,Computer,587,7,
1178,10,Auto,120,Computer,570,8,
1179,10,Auto,120,Computer,562,9,
1180,10,Auto,120,Computer,577,10,
1181,10,Auto,120,Computer,572,11,
1182,10,Auto,120,Computer,571,12,
1183,10,Auto,120,Computer,547,13,
1184,10,Auto,120,Computer,534,14,
1185,10,Auto,120,Computer,539,15,
1186,10,Auto,120,Computer,543,16,
1187,10,Auto,120,Computer,541,17,
1188,10,Auto,120,Computer,542,18,
1189,10,Auto,120,Computer,535,19,
1190,10,Auto,120,Computer,533,20,
1191,10,Auto,120,Computer,533,21,
1192,10,Auto,120,Computer,534,22,
1193,10,Auto,120,Computer,538,23,
1194,10,Auto,120,Computer,526,24,
1195,10,Auto,120,Computer,528,25,
1196,10,Auto,120,Computer,539,26,
1197,10,Auto,120,Computer,527,27,
1198,10,Auto,120,Computer,546,28,
1199,10,Auto,120,Computer,545,29,
1200,10,Auto,120,Computer,544,30,
